{
  "recipes": {
    "scatter-a": [
      {
        "photo": {
          "x": 72,
          "y": 37.87200164794922,
          "w": 129.60000610351562,
          "h": 131.3280029296875,
          "rot": -5.999999940167531
        },
        "clip": {
          "x": 180.72000122070312,
          "y": 18.172800064086914
        },
        "caption": {
          "x": 201,
          "y": 78,
          "w": 159.83999633789062,
          "h": 48.15359878540039
        }
      },
      {
        "photo": {
          "x": 432,
          "y": 54.28799819946289,
          "w": 182.16000366210938,
          "h": 195.89759826660156,
          "rot": 4.0000001389380255
        },
        "clip": {
          "x": 573.1199951171875,
          "y": -15.753600120544434
        },
        "caption": {
          "x": 627,
          "y": 94,
          "w": 159.83999633789062,
          "h": 48.15359878540039
        }
      },
      {
        "photo": {
          "x": 97.19999694824219,
          "y": 227.2032012939453,
          "w": 167.0399932861328,
          "h": 151.02720642089844,
          "rot": 3.0000000479141646
        },
        "clip": {
          "x": 223.1999969482422,
          "y": 196.55999755859375
        },
        "caption": {
          "x": 112,
          "y": 398,
          "w": 159.83999633789062,
          "h": 48.15359878540039
        }
      }
    ],
    "scatter-b": [
      {
        "photo": {
          "x": 482.3999938964844,
          "y": 65.23200225830078,
          "w": 171.36000061035156,
          "h": 173.46240234375,
          "rot": 4.9999999854766894
        },
        "clip": {
          "x": 622.7999877929688,
          "y": 31.852800369262695
        },
        "caption": {
          "x": 495,
          "y": 282,
          "w": 159.83999633789062,
          "h": 48.15359878540039
        }
      },
      {
        "photo": {
          "x": 198.72000122070312,
          "y": 104.08319854736328,
          "w": 226.0800018310547,
          "h": 202.46400451660156,
          "rot": -3.000000013495513
        },
        "clip": {
          "x": 373.67999267578125,
          "y": 87.12000274658203
        },
        "caption": {
          "x": 48.959999084472656,
          "y": 157.16160583496094,
          "w": 159.83999633789062,
          "h": 48.15359878540039
        }
      }
    ],
    "scatter-c": [
      {
        "photo": {
          "x": 511.20001220703125,
          "y": 65.23200225830078,
          "w": 177.1199951171875,
          "h": 169.6320037841797,
          "rot": -4.0000001389380255
        },
        "clip": {
          "x": 668.1599731445312,
          "y": 42.79679870605469
        },
        "caption": {
          "x": 527.760009765625,
          "y": 239.78880310058594,
          "w": 159.83999633789062,
          "h": 48.15359878540039
        }
      },
      {
        "photo": {
          "x": 93.5999984741211,
          "y": 87.12000274658203,
          "w": 129.60000610351562,
          "h": 131.3280029296875,
          "rot": 4.9999999854766894
        },
        "clip": {
          "x": 208.8000030517578,
          "y": 65.23200225830078
        },
        "caption": {
          "x": 84.23999786376953,
          "y": 221.731201171875,
          "w": 159.83999633789062,
          "h": 48.15359878540039
        }
      },
      {
        "photo": {
          "x": 277.20001220703125,
          "y": 162.08639526367188,
          "w": 176.39999389648438,
          "h": 172.9152069091797,
          "rot": -2.0000001198478
        },
        "clip": {
          "x": 416.1600036621094,
          "y": 116.12159729003906
        },
        "caption": {
          "x": 296,
          "y": 356,
          "w": 159.83999633789062,
          "h": 48.15359878540039
        }
      }
    ],
    "scatter-d": [
      {
        "photo": {
          "x": 121.68000030517578,
          "y": 61.94879913330078,
          "w": 203.0399932861328,
          "h": 199.18080139160156,
          "rot": 3.000000013495513
        },
        "clip": {
          "x": 295.9200134277344,
          "y": 31.852800369262695
        },
        "caption": {
          "x": 148,
          "y": 276,
          "w": 159.83999633789062,
          "h": 48.15359878540039
        }
      },
      {
        "photo": {
          "x": 491.0400085449219,
          "y": 53.74079895019531,
          "w": 226.0800018310547,
          "h": 232.01280212402344,
          "rot": -4.9999999854766894
        },
        "clip": {
          "x": 650.1599731445312,
          "y": 46.08000183105469
        },
        "caption": {
          "x": 555.8400268554688,
          "y": 281.9231872558594,
          "w": 159.83999633789062,
          "h": 48.15359878540039
        }
      }
    ]
  },
  "count": 4
}
