{
  "recipes": {
    "scatter-a": [
      {
        "photo": {
          "x": 71.7275161743164,
          "y": 38,
          "w": 129.60000610351562,
          "h": 131.3280029296875,
          "rot": -5.999999940167531
        },
        "clip": {
          "x": 181,
          "y": 18
        },
        "caption": {
          "x": 200.8800048828125,
          "y": 100.80000305175781,
          "w": 159.83999633789062,
          "h": 48.15359878540039
        }
      },
      {
        "photo": {
          "x": 432,
          "y": 54.28799819946289,
          "w": 182.47720336914062,
          "h": 195.7873077392578,
          "rot": 3.999999713091089
        },
        "clip": {
          "x": 573,
          "y": -16
        },
        "caption": {
          "x": 658.0800170898438,
          "y": 71.79840087890625,
          "w": 159.83999633789062,
          "h": 48.15359878540039
        }
      },
      {
        "photo": {
          "x": 97,
          "y": 227.15956115722656,
          "w": 167.33682250976562,
          "h": 150.80484008789062,
          "rot": 3.000000013495513
        },
        "clip": {
          "x": 223.1999969482422,
          "y": 196.55999755859375
        },
        "caption": {
          "x": 121,
          "y": 392,
          "w": 159.83999633789062,
          "h": 48.15359878540039
        }
      }
    ],
    "scatter-b": [
      {
        "photo": {
          "x": 482.3999938964844,
          "y": 65.23200225830078,
          "w": 171.14332580566406,
          "h": 173.34375,
          "rot": 4.9999999854766894
        },
        "clip": {
          "x": 623,
          "y": 32
        },
        "caption": {
          "x": 529.9199829101562,
          "y": 229.93919372558594,
          "w": 159.83999633789062,
          "h": 48.15359878540039
        }
      },
      {
        "photo": {
          "x": 198.58926391601562,
          "y": 103.94485473632812,
          "w": 226.34327697753906,
          "h": 202.3324432373047,
          "rot": -3.000000013495513
        },
        "clip": {
          "x": 374,
          "y": 87
        },
        "caption": {
          "x": 48.959999084472656,
          "y": 157.16160583496094,
          "w": 159.83999633789062,
          "h": 48.15359878540039
        }
      }
    ],
    "scatter-c": [
      {
        "photo": {
          "x": 511.20001220703125,
          "y": 65.23200225830078,
          "w": 176.8131866455078,
          "h": 169.5293426513672,
          "rot": -3.999999713091089
        },
        "clip": {
          "x": 668,
          "y": 43
        },
        "caption": {
          "x": 527.760009765625,
          "y": 239.78880310058594,
          "w": 159.83999633789062,
          "h": 48.15359878540039
        }
      },
      {
        "photo": {
          "x": 93.5999984741211,
          "y": 87.12000274658203,
          "w": 129.60000610351562,
          "h": 131.3280029296875,
          "rot": 4.9999999854766894
        },
        "clip": {
          "x": 208.8000030517578,
          "y": 65.23200225830078
        },
        "caption": {
          "x": 84.23999786376953,
          "y": 221.731201171875,
          "w": 159.83999633789062,
          "h": 48.15359878540039
        }
      },
      {
        "photo": {
          "x": 277.0382080078125,
          "y": 162.0880584716797,
          "w": 176.5904083251953,
          "h": 173.017333984375,
          "rot": -1.9999999065344156
        },
        "clip": {
          "x": 416,
          "y": 116
        },
        "caption": {
          "x": 316.0799865722656,
          "y": 341.02081298828125,
          "w": 159.83999633789062,
          "h": 48.15359878540039
        }
      }
    ],
    "scatter-d": [
      {
        "photo": {
          "x": 122,
          "y": 61.78274154663086,
          "w": 202.85755920410156,
          "h": 199.10687255859375,
          "rot": 3.000000013495513
        },
        "clip": {
          "x": 296,
          "y": 32
        },
        "caption": {
          "x": 161.27999877929688,
          "y": 250.1855926513672,
          "w": 159.83999633789062,
          "h": 48.15359878540039
        }
      },
      {
        "photo": {
          "x": 491.2396545410156,
          "y": 54,
          "w": 225.84698486328125,
          "h": 232.22384643554688,
          "rot": -4.9999999854766894
        },
        "clip": {
          "x": 650,
          "y": 46
        },
        "caption": {
          "x": 555.8400268554688,
          "y": 281.9231872558594,
          "w": 159.83999633789062,
          "h": 48.15359878540039
        }
      }
    ]
  },
  "count": 4
}
