{
  "pages": {
    "2015-01": {
      "caption-1": {"x": 201, "y": 101},
      "caption-2": {"x": 563, "y": 83},
      "caption-3": {"x": 104, "y": 351}
    },
    "2015-02": {
      "caption-1": {"x": 516, "y": 199},
      "caption-2": {"x": 128, "y": 148}
    },
    "2016-01": {
      "caption-1": {"x": 513, "y": 208},
      "caption-2": {"x": 84, "y": 222},
      "caption-3": {"x": 319, "y": 311}
    },
    "2016-02": {
      "caption-1": {"x": 122, "y": 210},
      "caption-2": {"x": 583.2000122070312, "y": 119.9520034790039}
    },
    "2017-01": {
      "caption-1": {"x": 208, "y": 113},
      "caption-2": {"x": 121, "y": 354},
      "caption-3": {"x": 577, "y": 89}
    },
    "2017-02": {
      "caption-1": {"x": 515, "y": 212},
      "caption-2": {"x": 116, "y": 154}
    },
    "2018-01": {
      "caption-1": {"x": 520, "y": 220},
      "caption-2": {"x": 105, "y": 232},
      "caption-3": {"x": 324, "y": 338.8320007324219}
    },
    "2018-02": {
      "caption-1": {"x": 133, "y": 212},
      "caption-2": {"x": 524, "y": 110}
    },
    "2019-01": {
      "caption-1": {"x": 201, "y": 102},
      "caption-2": {"x": 94, "y": 362},
      "caption-3": {"x": 437, "y": 198}
    },
    "2019-02": {
      "caption-1": {"x": 518, "y": 208},
      "caption-2": {"x": 293, "y": 268},
      "caption-3": {"x": 94, "y": 141}
    },
    "2020-01": {
      "caption-1": {"x": 519, "y": 214},
      "caption-2": {"x": 100, "y": 234},
      "caption-3": {"x": 316, "y": 99}
    },
    "2021-01": {
      "caption-1": {"x": 122, "y": 214},
      "caption-2": {"x": 381, "y": 196}
    },
    "2021-02": {
      "caption-1": {"x": 64, "y": 234},
      "caption-2": {"x": 448, "y": 198}
    },
    "2022-01": {
      "caption-1": {"x": 516, "y": 210},
      "caption-2": {"x": 300, "y": 258},
      "caption-3": {"x": 108, "y": 143}
    },
    "2022-02": {
      "caption-1": {"x": 502, "y": 214},
      "caption-2": {"x": 117, "y": 232}
    },
    "2023-01": {
      "caption-1": {"x": 352, "y": 215},
      "caption-2": {"x": 577, "y": 257},
      "caption-3": {"x": 127, "y": 209}
    },
    "2023-02": {
      "caption-1": {"x": 50, "y": 222},
      "caption-2": {"x": 432, "y": 204}
    },
    "2024-01": {
      "caption-1": {"x": 515, "y": 213},
      "caption-2": {"x": 304, "y": 268},
      "caption-3": {"x": 101, "y": 139}
    },
    "2024-02": {
      "caption-1": {"x": 509, "y": 222},
      "caption-2": {"x": 111, "y": 240}
    },
    "2025-01": {
      "caption-1": {"x": 93, "y": 221},
      "caption-2": {"x": 344, "y": 213},
      "caption-3": {"x": 585, "y": 269}
    },
    "2025-02": {
      "caption-1": {"x": 201, "y": 107},
      "caption-2": {"x": 563, "y": 89},
      "caption-3": {"x": 249, "y": 270}
    },
    "2026-01": {
      "caption-1": {"x": 502, "y": 215},
      "caption-2": {"x": 288, "y": 268},
      "caption-3": {"x": 101, "y": 142}
    },
    "2026-02": {
      "caption-1": {"x": 509, "y": 218},
      "caption-2": {"x": 84, "y": 230},
      "caption-3": {"x": 306, "y": 108}
    }
  },
  "count": 23
}
